[
	{
		"youtubeId": "gMaB-fG4u4g",
		"title": "전신 다이어트 최고의 운동 [칼소폭 찐 핵핵매운맛]",
		"fitPartName": "전신",
		"channelName": "ThankyouBUBU",
		"url": "https://www.youtube.com/embed/gMaB-fG4u4g"
	},
	{
		"youtubeId": "swRNeYw1JkY",
		"title": "하루 15분! 전신 칼로리 불태우는 다이어트 운동",
		"fitPartName": "전신",
		"channelName": "ThankyouBUBU",
		"url": "https://www.youtube.com/embed/swRNeYw1JkY"
	},
	{
		"youtubeId": "54tTYO-vU2E",
		"title": "상체 다이어트 최고의 운동 BEST [팔뚝살/겨드랑이살/등살/가슴어깨라인]",
		"fitPartName": "상체",
		"channelName": "ThankyouBUBU",
		"url": "https://www.youtube.com/embed/54tTYO-vU2E"
	},
	{
		"youtubeId": "QqqZH3j_vH0",
		"title": "상체비만 다이어트 최고의 운동 [상체 핵매운맛]",
		"fitPartName": "상체",
		"channelName": "ThankyouBUBU",
		"url": "https://www.youtube.com/embed/QqqZH3j_vH0"
	},
	{
		"youtubeId": "tzN6ypk6Sps",
		"title": "하체운동이 중요한 이유? 이것만 보고 따라하자 ! [하체운동 교과서]",
		"fitPartName": "하체",
		"channelName": "김강민",
		"url": "https://www.youtube.com/embed/tzN6ypk6Sps"
	},
	{
		"youtubeId": "u5OgcZdNbMo",
		"title": "저는 하체 식주의자 입니다",
		"fitPartName": "하체",
		"channelName": "GYM종국",
		"url": "https://www.youtube.com/embed/u5OgcZdNbMo"
	},
	{
		"youtubeId": "PjGcOP-TQPE",
		"title": "11자복근 복부 최고의 운동 [복근 핵매운맛]",
		"fitPartName": "복부",
		"channelName": "ThankyouBUBU",
		"url": "https://www.youtube.com/embed/PjGcOP-TQPE"
	},
	{
		"youtubeId": "7TLk7pscICk",
		"title": "(Sub)누워서하는 5분 복부운동!! 효과보장! (매일 2주만 해보세요!)",
		"fitPartName": "복부",
		"channelName": "SomiFit",
		"url": "https://www.youtube.com/embed/7TLk7pscICk"
	}
]
